{"cameraMode":{"drawMode":0,"name":"Shaded","section":"Shading Mode"},"sceneLighting":true,"audioPlay":false,"sceneViewState":{"showFog":true,"showMaterialUpdate":true,"showSkybox":true,"showFlares":true,"showImageEffects":true,"showParticleSystems":true},"in2DMode":false,"pivot":{"x":-36.32441711425781,"y":9.319634437561036,"z":0.15809637308120728},"rotation":{"x":0.24357271194458009,"y":-0.5924487709999085,"z":0.19423727691173554,"w":0.7429324984550476},"size":3.3625056743621828,"orthographic":false}